{
    "Values": [
        -5000000.001,
        -294007.62484858814,
        -114527.43060330713,
        105973.24776372242,
        200971.291458454,
        200971.291458454,
        200971.291458454
    ],
    "Interactions": [
        0,
        100,
        198,
        298,
        398,
        498,
        598
    ]
}