{
    "Values": [
        -5000000.001,
        -414007.52076436265,
        -114527.43050297296,
        200971.291458454,
        200971.291458454,
        200971.291458454
    ],
    "Interactions": [
        0,
        100,
        200,
        300,
        400,
        500
    ]
}